{
  "_generated": "Generated by SweetTooth, do not edit", 
  "description": "Miss dynamic panel transparency in 3.32 and up? Try the original dynamic panel extension on all recent Gnome versions and with much more customization! This extension will fade your top panel to nothingness when there are no maximized windows present! Never again will the panel be abruptly darkened.\n\nMay be incompatible with some extensions that make extensive changes to the panel.\n\nIf your theme isn't working correctly with this extension enable 'Remove Excessive Panel Styling' in the Background section of preferences. This particularly impacts the default *Ubuntu* theme!\n\nNew in v32 (in review)\n- Initial support for 3.34.\n- Fixes deprecation warnings on 3.34!\n- Fixes occasional errors when windows are closed.\n\nNew in v31\n- Fixes errors in 3.24 on lock and unlock.\n- Fix support for 3.28.\n\nNew in v29\n- Initial 3.32 support.\n\nGeneral Features:\n- Theme detection (works with 99% of all themes).\n- Per-app customization (panel color, opacity)\n- Configurable text and panel coloring\n- Configurable text and icon shadowing\n- Customizable transition times\n- Window tracking with support for shortcuts", 
  "gettext-domain": "dynamic-panel-transparency", 
  "name": "Dynamic Panel Transparency", 
  "settings-schema": "org.gnome.shell.extensions.dynamic-panel-transparency", 
  "shell-version": [
    "3.24", 
    "3.26", 
    "3.28", 
    "3.30", 
    "3.22.3", 
    "3.34", 
    "3.32"
  ], 
  "url": "https://rockon999.github.io/dynamic-panel-transparency/", 
  "uuid": "dynamic-panel-transparency@rockon999.github.io", 
  "version": 32
}