{
  "_generated": "Generated by SweetTooth, do not edit", 
  "description": "Shows a list of sound output and input devices (similar to gnome sound settings) in the status menu below the volume slider. Various active ports like HDMI , Speakers etc. of the same device are also displayed for selection. V20+ needs python as dependency. If you want to continue with the old method without Python, use options to switch off New Port identification. But it works with only English", 
  "name": "Sound Input & Output Device Chooser", 
  "original-author": "GopI", 
  "shell-version": [
    "3.34", 
    "3.32"
  ], 
  "url": "https://github.com/kgshank/gse-sound-output-device-chooser", 
  "uuid": "sound-output-device-chooser@kgshank.net", 
  "version": 25
}